"","Date","key","value"
"1",2016-01-31,"Exports_weight_kilotonnes",2908.427
"2",2016-01-31,"Imports_weight_kilotonnes",1916.587
"3",2016-01-31,"Exports_value_mil_nzd",3964.305
"4",2016-01-31,"Imports_value_mil_nzd",3845.692
"5",2016-02-29,"Exports_weight_kilotonnes",3050.787
"6",2016-02-29,"Imports_weight_kilotonnes",1765.095
"7",2016-02-29,"Exports_value_mil_nzd",4367.229
"8",2016-02-29,"Imports_value_mil_nzd",3873.425
"9",2016-03-31,"Exports_weight_kilotonnes",3469.603
"10",2016-03-31,"Imports_weight_kilotonnes",1829.335
"11",2016-03-31,"Exports_value_mil_nzd",4449.918
"12",2016-03-31,"Imports_value_mil_nzd",3994.495
"13",2016-03-31,"All groups",1007
"14",2016-03-31,"Food",998
"15",2016-03-31,"Petrol",808
"16",2016-03-31,"Rent",1039
"17",2016-04-30,"Exports_weight_kilotonnes",3603.913
"18",2016-04-30,"Imports_weight_kilotonnes",1561.57
"19",2016-04-30,"Exports_value_mil_nzd",4490.533
"20",2016-04-30,"Imports_value_mil_nzd",3966.871
"21",2016-05-31,"Exports_weight_kilotonnes",3429.651
"22",2016-05-31,"Imports_weight_kilotonnes",1525.901
"23",2016-05-31,"Exports_value_mil_nzd",4697.686
"24",2016-05-31,"Imports_value_mil_nzd",4085.943
"25",2016-06-30,"Exports_weight_kilotonnes",3675.152
"26",2016-06-30,"Imports_weight_kilotonnes",1592.946
"27",2016-06-30,"Exports_value_mil_nzd",4453.225
"28",2016-06-30,"Imports_value_mil_nzd",4127.172
"29",2016-06-30,"All groups",1011
"30",2016-06-30,"Food",1000
"31",2016-06-30,"Petrol",851
"32",2016-06-30,"Rent",1044
"33",2016-07-31,"Exports_weight_kilotonnes",3319.184
"34",2016-07-31,"Imports_weight_kilotonnes",1742.366
"35",2016-07-31,"Exports_value_mil_nzd",4170.155
"36",2016-07-31,"Imports_value_mil_nzd",4072.093
"37",2016-08-31,"Exports_weight_kilotonnes",3791.622
"38",2016-08-31,"Imports_weight_kilotonnes",1826.404
"39",2016-08-31,"Exports_value_mil_nzd",3575.115
"40",2016-08-31,"Imports_value_mil_nzd",4615.616
"41",2016-09-30,"Exports_weight_kilotonnes",3165.111
"42",2016-09-30,"Imports_weight_kilotonnes",2038.733
"43",2016-09-30,"Exports_value_mil_nzd",3607.717
"44",2016-09-30,"Imports_value_mil_nzd",4609.756
"45",2016-09-30,"All groups",1014
"46",2016-09-30,"Food",1005
"47",2016-09-30,"Petrol",837
"48",2016-09-30,"Rent",1049
"49",2016-10-31,"Exports_weight_kilotonnes",3591.628
"50",2016-10-31,"Imports_weight_kilotonnes",1863.303
"51",2016-10-31,"Exports_value_mil_nzd",4093.105
"52",2016-10-31,"Imports_value_mil_nzd",4478.09
"53",2016-11-30,"Exports_weight_kilotonnes",3104.639
"54",2016-11-30,"Imports_weight_kilotonnes",2050.552
"55",2016-11-30,"Exports_value_mil_nzd",4004.33
"56",2016-11-30,"Imports_value_mil_nzd",4537.17
"57",2016-12-31,"Exports_weight_kilotonnes",3450.635
"58",2016-12-31,"Imports_weight_kilotonnes",1765.826
"59",2016-12-31,"Exports_value_mil_nzd",4634.934
"60",2016-12-31,"Imports_value_mil_nzd",4452.5
"61",2016-12-31,"All groups",1017
"62",2016-12-31,"Food",992
"63",2016-12-31,"Petrol",870
"64",2016-12-31,"Rent",1054
"65",2017-01-31,"Exports_weight_kilotonnes",2417.135
"66",2017-01-31,"Imports_weight_kilotonnes",1954.54
"67",2017-01-31,"Exports_value_mil_nzd",4172.591
"68",2017-01-31,"Imports_value_mil_nzd",4194.11
"69",2017-02-28,"Exports_weight_kilotonnes",2822.863
"70",2017-02-28,"Imports_weight_kilotonnes",1828.823
"71",2017-02-28,"Exports_value_mil_nzd",4385.428
"72",2017-02-28,"Imports_value_mil_nzd",4122.598
"73",2017-03-31,"Exports_weight_kilotonnes",3430.008
"74",2017-03-31,"Imports_weight_kilotonnes",1827.169
"75",2017-03-31,"Exports_value_mil_nzd",4790.477
"76",2017-03-31,"Imports_value_mil_nzd",4341.58
"77",2017-03-31,"All groups",1026
"78",2017-03-31,"Food",1016
"79",2017-03-31,"Petrol",906
"80",2017-03-31,"Rent",1062
"81",2017-04-30,"Exports_weight_kilotonnes",3844.48
"82",2017-04-30,"Imports_weight_kilotonnes",1798.64
"83",2017-04-30,"Exports_value_mil_nzd",4935.473
"84",2017-04-30,"Imports_value_mil_nzd",4179.488
"85",2017-05-31,"Exports_weight_kilotonnes",3619.583
"86",2017-05-31,"Imports_weight_kilotonnes",2255.29
"87",2017-05-31,"Exports_value_mil_nzd",5031.552
"88",2017-05-31,"Imports_value_mil_nzd",4866.387
"89",2017-06-30,"Exports_weight_kilotonnes",3276.201
"90",2017-06-30,"Imports_weight_kilotonnes",1638.973
"91",2017-06-30,"Exports_value_mil_nzd",5171.165
"92",2017-06-30,"Imports_value_mil_nzd",4517.728
"93",2017-06-30,"All groups",1027
"94",2017-06-30,"Food",1023
"95",2017-06-30,"Petrol",888
"96",2017-06-30,"Rent",1066
"97",2017-07-31,"Exports_weight_kilotonnes",3539.439
"98",2017-07-31,"Imports_weight_kilotonnes",1962.326
"99",2017-07-31,"Exports_value_mil_nzd",5298.465
"100",2017-07-31,"Imports_value_mil_nzd",4558.999
"101",2017-08-31,"Exports_weight_kilotonnes",3616.111
"102",2017-08-31,"Imports_weight_kilotonnes",2071.753
"103",2017-08-31,"Exports_value_mil_nzd",3993.539
"104",2017-08-31,"Imports_value_mil_nzd",5016.388
"105",2017-09-30,"Exports_weight_kilotonnes",3114.506
"106",2017-09-30,"Imports_weight_kilotonnes",2120.767
"107",2017-09-30,"Exports_value_mil_nzd",4071.499
"108",2017-09-30,"Imports_value_mil_nzd",5012.959
"109",2017-09-30,"All groups",1033
"110",2017-09-30,"Food",1035
"111",2017-09-30,"Petrol",873
"112",2017-09-30,"Rent",1072
"113",2017-10-31,"Exports_weight_kilotonnes",3826.182
"114",2017-10-31,"Imports_weight_kilotonnes",2205.235
"115",2017-10-31,"Exports_value_mil_nzd",4738.284
"116",2017-10-31,"Imports_value_mil_nzd",5277.599
"117",2017-11-30,"Exports_weight_kilotonnes",3695.473
"118",2017-11-30,"Imports_weight_kilotonnes",2299.457
"119",2017-11-30,"Exports_value_mil_nzd",4882.744
"120",2017-11-30,"Imports_value_mil_nzd",5671.713
"121",2017-12-31,"Exports_weight_kilotonnes",3570.611
"122",2017-12-31,"Imports_weight_kilotonnes",1895.093
"123",2017-12-31,"Exports_value_mil_nzd",5718.114
"124",2017-12-31,"Imports_value_mil_nzd",5006.081
"125",2017-12-31,"All groups",1035
"126",2017-12-31,"Food",1017
"127",2017-12-31,"Petrol",927
"128",2017-12-31,"Rent",1077
"129",2018-01-31,"Exports_weight_kilotonnes",2942.382
"130",2018-01-31,"Imports_weight_kilotonnes",2169.728
"131",2018-01-31,"Exports_value_mil_nzd",4657.987
"132",2018-01-31,"Imports_value_mil_nzd",4923.131
"133",2018-02-28,"Exports_weight_kilotonnes",3413.8
"134",2018-02-28,"Imports_weight_kilotonnes",1900.963
"135",2018-02-28,"Exports_value_mil_nzd",4745.31
"136",2018-02-28,"Imports_value_mil_nzd",4323.355
"137",2018-03-31,"Exports_weight_kilotonnes",3645.894
"138",2018-03-31,"Imports_weight_kilotonnes",2139.229
"139",2018-03-31,"Exports_value_mil_nzd",5149.076
"140",2018-03-31,"Imports_value_mil_nzd",4995.417
"141",2018-03-31,"All groups",1043
"142",2018-03-31,"Food",1022
"143",2018-03-31,"Petrol",951
"144",2018-03-31,"Rent",1085
"145",2018-04-30,"Exports_weight_kilotonnes",3687.757
"146",2018-04-30,"Imports_weight_kilotonnes",1869.513
"147",2018-04-30,"Exports_value_mil_nzd",5214.929
"148",2018-04-30,"Imports_value_mil_nzd",4845.81
"149",2018-05-31,"Exports_weight_kilotonnes",3851.666
"150",2018-05-31,"Imports_weight_kilotonnes",1799.883
"151",2018-05-31,"Exports_value_mil_nzd",5672.758
"152",2018-05-31,"Imports_value_mil_nzd",5216.468
"153",2018-06-30,"Exports_weight_kilotonnes",3314.737
"154",2018-06-30,"Imports_weight_kilotonnes",1857.93
"155",2018-06-30,"Exports_value_mil_nzd",5149.204
"156",2018-06-30,"Imports_value_mil_nzd",5196.976
"157",2018-06-30,"All groups",1047
"158",2018-06-30,"Food",1028
"159",2018-06-30,"Petrol",981
"160",2018-06-30,"Rent",1092
"161",2018-07-31,"Exports_weight_kilotonnes",3833.131
"162",2018-07-31,"Imports_weight_kilotonnes",2219.872
"163",2018-07-31,"Exports_value_mil_nzd",5712.006
"164",2018-07-31,"Imports_value_mil_nzd",5710.729
"165",2018-08-31,"Exports_weight_kilotonnes",3584.435
"166",2018-08-31,"Imports_weight_kilotonnes",2150.078
"167",2018-08-31,"Exports_value_mil_nzd",4291.488
"168",2018-08-31,"Imports_value_mil_nzd",5711.705
"169",2018-09-30,"Exports_weight_kilotonnes",3539.469
"170",2018-09-30,"Imports_weight_kilotonnes",2257.256
"171",2018-09-30,"Exports_value_mil_nzd",4612.739
"172",2018-09-30,"Imports_value_mil_nzd",5738.339
"173",2018-09-30,"All groups",1056
"174",2018-09-30,"Food",1035
"175",2018-09-30,"Petrol",1034
"176",2018-09-30,"Rent",1097
"177",2018-10-31,"Exports_weight_kilotonnes",3522.895
"178",2018-10-31,"Imports_weight_kilotonnes",2276.221
"179",2018-10-31,"Exports_value_mil_nzd",5262.711
"180",2018-10-31,"Imports_value_mil_nzd",6309.842
"181",2018-11-30,"Exports_weight_kilotonnes",3585.934
"182",2018-11-30,"Imports_weight_kilotonnes",2230.94
"183",2018-11-30,"Exports_value_mil_nzd",5228.213
"184",2018-11-30,"Imports_value_mil_nzd",6060.618
"185",2018-12-31,"Exports_weight_kilotonnes",3712.447
"186",2018-12-31,"Imports_weight_kilotonnes",1885.317
"187",2018-12-31,"Exports_value_mil_nzd",5627.661
"188",2018-12-31,"Imports_value_mil_nzd",5319.116
"189",2018-12-31,"All groups",1057
"190",2018-12-31,"Food",1021
"191",2018-12-31,"Petrol",1027
"192",2018-12-31,"Rent",1104
"193",2019-01-31,"Exports_weight_kilotonnes",2953.743
"194",2019-01-31,"Imports_weight_kilotonnes",2292.366
"195",2019-01-31,"Exports_value_mil_nzd",4587.69
"196",2019-01-31,"Imports_value_mil_nzd",5668.251
"197",2019-02-28,"Exports_weight_kilotonnes",3520.169
"198",2019-02-28,"Imports_weight_kilotonnes",1823.186
"199",2019-02-28,"Exports_value_mil_nzd",5044.386
"200",2019-02-28,"Imports_value_mil_nzd",4895.587
"201",2019-03-31,"Exports_weight_kilotonnes",4132.799
"202",2019-03-31,"Imports_weight_kilotonnes",2022.208
"203",2019-03-31,"Exports_value_mil_nzd",6074.265
"204",2019-03-31,"Imports_value_mil_nzd",4903.69
"205",2019-03-31,"All groups",1057
"206",2019-03-31,"Food",1034
"207",2019-03-31,"Petrol",956
"208",2019-03-31,"Rent",1110
"209",2019-04-30,"Exports_weight_kilotonnes",4039.841
"210",2019-04-30,"Imports_weight_kilotonnes",2114.954
"211",2019-04-30,"Exports_value_mil_nzd",5705.78
"212",2019-04-30,"Imports_value_mil_nzd",5167.923
"213",2019-05-31,"Exports_weight_kilotonnes",3662.551
"214",2019-05-31,"Imports_weight_kilotonnes",2198.002
"215",2019-05-31,"Exports_value_mil_nzd",6555.142
"216",2019-05-31,"Imports_value_mil_nzd",5641.843
"217",2019-06-30,"Exports_weight_kilotonnes",3844.61
"218",2019-06-30,"Imports_weight_kilotonnes",1656.007
"219",2019-06-30,"Exports_value_mil_nzd",5343.426
"220",2019-06-30,"Imports_value_mil_nzd",4815.283
"221",2019-06-30,"All groups",1063
"222",2019-06-30,"Food",1038
"223",2019-06-30,"Petrol",1012
"224",2019-06-30,"Rent",1122
"225",2019-07-31,"Exports_weight_kilotonnes",4052.697
"226",2019-07-31,"Imports_weight_kilotonnes",2187.418
"227",2019-07-31,"Exports_value_mil_nzd",5283.156
"228",2019-07-31,"Imports_value_mil_nzd",5877.04
"229",2019-08-31,"Exports_weight_kilotonnes",3377.274
"230",2019-08-31,"Imports_weight_kilotonnes",2144.541
"231",2019-08-31,"Exports_value_mil_nzd",4453.839
"232",2019-08-31,"Imports_value_mil_nzd",5814.804
"233",2019-09-30,"Exports_weight_kilotonnes",3577.32
"234",2019-09-30,"Imports_weight_kilotonnes",1920.643
"235",2019-09-30,"Exports_value_mil_nzd",4828.371
"236",2019-09-30,"Imports_value_mil_nzd",5814.407
"237",2019-09-30,"All groups",1070
"238",2019-09-30,"Food",1052
"239",2019-09-30,"Petrol",1004
"240",2019-09-30,"Rent",1131
"241",2019-10-31,"Exports_weight_kilotonnes",3500.989
"242",2019-10-31,"Imports_weight_kilotonnes",2289.684
"243",2019-10-31,"Exports_value_mil_nzd",5458.001
"244",2019-10-31,"Imports_value_mil_nzd",6238.549
"245",2019-11-30,"Exports_weight_kilotonnes",3393.135
"246",2019-11-30,"Imports_weight_kilotonnes",2123.783
"247",2019-11-30,"Exports_value_mil_nzd",5567.831
"248",2019-11-30,"Imports_value_mil_nzd",6055.425
"249",2019-12-31,"Exports_weight_kilotonnes",3508.031
"250",2019-12-31,"Imports_weight_kilotonnes",1931.118
"251",2019-12-31,"Exports_value_mil_nzd",5943.068
"252",2019-12-31,"Imports_value_mil_nzd",5299.071
"253",2019-12-31,"All groups",1073
"254",2019-12-31,"Food",1047
"255",2019-12-31,"Petrol",1020
"256",2019-12-31,"Rent",1141
"257",2020-01-31,"Exports_weight_kilotonnes",2972.323
"258",2020-01-31,"Imports_weight_kilotonnes",1999.828
"259",2020-01-31,"Exports_value_mil_nzd",5003.347
"260",2020-01-31,"Imports_value_mil_nzd",5295.771
"261",2020-02-28,"Deceased",0
"262",2020-02-28,"Recovered",0
"263",2020-02-28,"Active",1
"264",2020-02-29,"Deceased",0
"265",2020-02-29,"Recovered",0
"266",2020-02-29,"Active",1
"267",2020-02-29,"Exports_weight_kilotonnes",3310.954
"268",2020-02-29,"Imports_weight_kilotonnes",1652.119
"269",2020-02-29,"Exports_value_mil_nzd",5352.757
"270",2020-02-29,"Imports_value_mil_nzd",4534.511
"271",2020-03-01,"Deceased",0
"272",2020-03-01,"Recovered",0
"273",2020-03-01,"Active",1
"274",2020-03-02,"Deceased",0
"275",2020-03-02,"Recovered",0
"276",2020-03-02,"Active",1
"277",2020-03-03,"Deceased",0
"278",2020-03-03,"Recovered",0
"279",2020-03-03,"Active",1
"280",2020-03-04,"Deceased",0
"281",2020-03-04,"Recovered",0
"282",2020-03-04,"Active",3
"283",2020-03-05,"Deceased",0
"284",2020-03-05,"Recovered",0
"285",2020-03-05,"Active",3
"286",2020-03-06,"Deceased",0
"287",2020-03-06,"Recovered",0
"288",2020-03-06,"Active",4
"289",2020-03-07,"Deceased",0
"290",2020-03-07,"Recovered",0
"291",2020-03-07,"Active",5
"292",2020-03-08,"Deceased",0
"293",2020-03-08,"Recovered",0
"294",2020-03-08,"Active",5
"295",2020-03-09,"Deceased",0
"296",2020-03-09,"Recovered",0
"297",2020-03-09,"Active",5
"298",2020-03-10,"Deceased",0
"299",2020-03-10,"Recovered",0
"300",2020-03-10,"Active",5
"301",2020-03-11,"Deceased",0
"302",2020-03-11,"Recovered",0
"303",2020-03-11,"Active",5
"304",2020-03-12,"Deceased",0
"305",2020-03-12,"Recovered",0
"306",2020-03-12,"Active",5
"307",2020-03-13,"Deceased",0
"308",2020-03-13,"Recovered",0
"309",2020-03-13,"Active",5
"310",2020-03-14,"Deceased",0
"311",2020-03-14,"Recovered",0
"312",2020-03-14,"Active",6
"313",2020-03-15,"Deceased",0
"314",2020-03-15,"Recovered",0
"315",2020-03-15,"Active",8
"316",2020-03-16,"Deceased",0
"317",2020-03-16,"Recovered",0
"318",2020-03-16,"Active",8
"319",2020-03-17,"Deceased",0
"320",2020-03-17,"Recovered",0
"321",2020-03-17,"Active",12
"322",2020-03-18,"Deceased",0
"323",2020-03-18,"Recovered",0
"324",2020-03-18,"Active",20
"325",2020-03-19,"Deceased",0
"326",2020-03-19,"Recovered",0
"327",2020-03-19,"Active",28
"328",2020-03-20,"Deceased",0
"329",2020-03-20,"Recovered",0
"330",2020-03-20,"Active",39
"331",2020-03-21,"Deceased",0
"332",2020-03-21,"Recovered",0
"333",2020-03-21,"Active",52
"334",2020-03-22,"Deceased",0
"335",2020-03-22,"Recovered",0
"336",2020-03-22,"Active",66
"337",2020-03-23,"Deceased",0
"338",2020-03-23,"Recovered",0
"339",2020-03-23,"Active",102
"340",2020-03-24,"Deceased",0
"341",2020-03-24,"Recovered",12
"342",2020-03-24,"Active",143
"343",2020-03-25,"Deceased",0
"344",2020-03-25,"Recovered",22
"345",2020-03-25,"Active",183
"346",2020-03-26,"Deceased",0
"347",2020-03-26,"Recovered",27
"348",2020-03-26,"Active",256
"349",2020-03-27,"Deceased",0
"350",2020-03-27,"Recovered",37
"351",2020-03-27,"Active",331
"352",2020-03-28,"Deceased",0
"353",2020-03-28,"Recovered",50
"354",2020-03-28,"Active",401
"355",2020-03-29,"Deceased",1
"356",2020-03-29,"Recovered",56
"357",2020-03-29,"Active",457
"358",2020-03-30,"Deceased",1
"359",2020-03-30,"Recovered",63
"360",2020-03-30,"Active",525
"361",2020-03-31,"Deceased",1
"362",2020-03-31,"Recovered",74
"363",2020-03-31,"Active",572
"364",2020-03-31,"Exports_weight_kilotonnes",3591.309
"365",2020-03-31,"Imports_weight_kilotonnes",2278.137
"366",2020-03-31,"Exports_value_mil_nzd",6244.932
"367",2020-03-31,"Imports_value_mil_nzd",5250.431
"368",2020-03-31,"All groups",1082
"369",2020-03-31,"Food",1068
"370",2020-03-31,"Petrol",995
"371",2020-03-31,"Rent",1156
"372",2020-04-01,"Deceased",1
"373",2020-04-01,"Recovered",82
"374",2020-04-01,"Active",625
"375",2020-04-02,"Deceased",1
"376",2020-04-02,"Recovered",92
"377",2020-04-02,"Active",704
"378",2020-04-03,"Deceased",1
"379",2020-04-03,"Recovered",103
"380",2020-04-03,"Active",764
"381",2020-04-04,"Deceased",1
"382",2020-04-04,"Recovered",127
"383",2020-04-04,"Active",822
"384",2020-04-05,"Deceased",1
"385",2020-04-05,"Recovered",156
"386",2020-04-05,"Active",882
"387",2020-04-06,"Deceased",1
"388",2020-04-06,"Recovered",176
"389",2020-04-06,"Active",929
"390",2020-04-07,"Deceased",1
"391",2020-04-07,"Recovered",241
"392",2020-04-07,"Active",918
"393",2020-04-08,"Deceased",1
"394",2020-04-08,"Recovered",282
"395",2020-04-08,"Active",927
"396",2020-04-09,"Deceased",1
"397",2020-04-09,"Recovered",317
"398",2020-04-09,"Active",921
"399",2020-04-10,"Deceased",2
"400",2020-04-10,"Recovered",373
"401",2020-04-10,"Active",908
"402",2020-04-11,"Deceased",4
"403",2020-04-11,"Recovered",422
"404",2020-04-11,"Active",886
"405",2020-04-12,"Deceased",4
"406",2020-04-12,"Recovered",471
"407",2020-04-12,"Active",855
"408",2020-04-13,"Deceased",5
"409",2020-04-13,"Recovered",546
"410",2020-04-13,"Active",798
"411",2020-04-14,"Deceased",9
"412",2020-04-14,"Recovered",628
"413",2020-04-14,"Active",729
"414",2020-04-15,"Deceased",9
"415",2020-04-15,"Recovered",728
"416",2020-04-15,"Active",649
"417",2020-04-16,"Deceased",9
"418",2020-04-16,"Recovered",770
"419",2020-04-16,"Active",622
"420",2020-04-17,"Deceased",11
"421",2020-04-17,"Recovered",816
"422",2020-04-17,"Active",582
"423",2020-04-18,"Deceased",11
"424",2020-04-18,"Recovered",867
"425",2020-04-18,"Active",544
"426",2020-04-19,"Deceased",12
"427",2020-04-19,"Recovered",912
"428",2020-04-19,"Active",507
"429",2020-04-20,"Deceased",12
"430",2020-04-20,"Recovered",974
"431",2020-04-20,"Active",454
"432",2020-04-21,"Deceased",13
"433",2020-04-21,"Recovered",1006
"434",2020-04-21,"Active",426
"435",2020-04-22,"Deceased",14
"436",2020-04-22,"Recovered",1036
"437",2020-04-22,"Active",401
"438",2020-04-23,"Deceased",16
"439",2020-04-23,"Recovered",1065
"440",2020-04-23,"Active",370
"441",2020-04-24,"Deceased",17
"442",2020-04-24,"Recovered",1095
"443",2020-04-24,"Active",344
"444",2020-04-25,"Deceased",18
"445",2020-04-25,"Recovered",1118
"446",2020-04-25,"Active",325
"447",2020-04-26,"Deceased",18
"448",2020-04-26,"Recovered",1142
"449",2020-04-26,"Active",310
"450",2020-04-27,"Deceased",19
"451",2020-04-27,"Recovered",1180
"452",2020-04-27,"Active",270
"453",2020-04-28,"Deceased",19
"454",2020-04-28,"Recovered",1214
"455",2020-04-28,"Active",239
"456",2020-04-29,"Deceased",19
"457",2020-04-29,"Recovered",1229
"458",2020-04-29,"Active",226
"459",2020-04-30,"Deceased",19
"460",2020-04-30,"Recovered",1241
"461",2020-04-30,"Active",216
"462",2020-04-30,"Exports_weight_kilotonnes",2189.974
"463",2020-04-30,"Imports_weight_kilotonnes",1462.676
"464",2020-04-30,"Exports_value_mil_nzd",6222.632
"465",2020-04-30,"Imports_value_mil_nzd",3966.136
"466",2020-05-01,"Deceased",19
"467",2020-05-01,"Recovered",1252
"468",2020-05-01,"Active",208
"469",2020-05-02,"Deceased",20
"470",2020-05-02,"Recovered",1263
"471",2020-05-02,"Active",202
"472",2020-05-03,"Deceased",20
"473",2020-05-03,"Recovered",1266
"474",2020-05-03,"Active",201
"475",2020-05-04,"Deceased",20
"476",2020-05-04,"Recovered",1276
"477",2020-05-04,"Active",191
"478",2020-05-05,"Deceased",20
"479",2020-05-05,"Recovered",1302
"480",2020-05-05,"Active",164
"481",2020-05-06,"Deceased",21
"482",2020-05-06,"Recovered",1316
"483",2020-05-06,"Active",151
"484",2020-05-07,"Deceased",21
"485",2020-05-07,"Recovered",1332
"486",2020-05-07,"Active",136
"487",2020-05-08,"Deceased",21
"488",2020-05-08,"Recovered",1347
"489",2020-05-08,"Active",122
"490",2020-05-09,"Deceased",21
"491",2020-05-09,"Recovered",1368
"492",2020-05-09,"Active",103
"493",2020-05-10,"Deceased",21
"494",2020-05-10,"Recovered",1371
"495",2020-05-10,"Active",102
"496",2020-05-11,"Deceased",21
"497",2020-05-11,"Recovered",1386
"498",2020-05-11,"Active",90
"499",2020-05-12,"Deceased",21
"500",2020-05-12,"Recovered",1398
"501",2020-05-12,"Active",78
"502",2020-05-13,"Deceased",21
"503",2020-05-13,"Recovered",1402
"504",2020-05-13,"Active",74
"505",2020-05-14,"Deceased",21
"506",2020-05-14,"Recovered",1411
"507",2020-05-14,"Active",65
"508",2020-05-15,"Deceased",21
"509",2020-05-15,"Recovered",1421
"510",2020-05-15,"Active",56
"511",2020-05-16,"Deceased",21
"512",2020-05-16,"Recovered",1428
"513",2020-05-16,"Active",49
"514",2020-05-17,"Deceased",21
"515",2020-05-17,"Recovered",1433
"516",2020-05-17,"Active",45
"517",2020-05-18,"Deceased",21
"518",2020-05-18,"Recovered",1433
"519",2020-05-18,"Active",45
"520",2020-05-19,"Deceased",21
"521",2020-05-19,"Recovered",1442
"522",2020-05-19,"Active",40
"523",2020-05-20,"Deceased",21
"524",2020-05-20,"Recovered",1447
"525",2020-05-20,"Active",35
"526",2020-05-21,"Deceased",21
"527",2020-05-21,"Recovered",1452
"528",2020-05-21,"Active",30
"529",2020-05-22,"Deceased",21
"530",2020-05-22,"Recovered",1455
"531",2020-05-22,"Active",28
"532",2020-05-23,"Deceased",21
"533",2020-05-23,"Recovered",1455
"534",2020-05-23,"Active",28
"535",2020-05-24,"Deceased",21
"536",2020-05-24,"Recovered",1456
"537",2020-05-24,"Active",27
"538",2020-05-25,"Deceased",21
"539",2020-05-25,"Recovered",1456
"540",2020-05-25,"Active",27
"541",2020-05-26,"Deceased",21
"542",2020-05-26,"Recovered",1461
"543",2020-05-26,"Active",22
"544",2020-05-27,"Deceased",21
"545",2020-05-27,"Recovered",1462
"546",2020-05-27,"Active",21
"547",2020-05-28,"Deceased",22
"548",2020-05-28,"Recovered",1474
"549",2020-05-28,"Active",8
"550",2020-05-29,"Deceased",22
"551",2020-05-29,"Recovered",1481
"552",2020-05-29,"Active",1
"553",2020-05-30,"Deceased",22
"554",2020-05-30,"Recovered",1481
"555",2020-05-30,"Active",1
"556",2020-05-31,"Deceased",22
"557",2020-05-31,"Recovered",1481
"558",2020-05-31,"Active",1
"559",2020-05-31,"Exports_weight_kilotonnes",3461.522
"560",2020-05-31,"Imports_weight_kilotonnes",1689.733
"561",2020-05-31,"Exports_value_mil_nzd",5722.234
"562",2020-05-31,"Imports_value_mil_nzd",4195.995
"563",2020-06-01,"Deceased",22
"564",2020-06-01,"Recovered",1481
"565",2020-06-01,"Active",1
"566",2020-06-02,"Deceased",22
"567",2020-06-02,"Recovered",1481
"568",2020-06-02,"Active",1
"569",2020-06-03,"Deceased",22
"570",2020-06-03,"Recovered",1481
"571",2020-06-03,"Active",1
"572",2020-06-04,"Deceased",22
"573",2020-06-04,"Recovered",1481
"574",2020-06-04,"Active",1
"575",2020-06-05,"Deceased",22
"576",2020-06-05,"Recovered",1481
"577",2020-06-05,"Active",1
"578",2020-06-06,"Deceased",22
"579",2020-06-06,"Recovered",1481
"580",2020-06-06,"Active",1
"581",2020-06-07,"Deceased",22
"582",2020-06-07,"Recovered",1481
"583",2020-06-07,"Active",1
"584",2020-06-08,"Deceased",22
"585",2020-06-08,"Recovered",1482
"586",2020-06-08,"Active",0
"587",2020-06-09,"Deceased",22
"588",2020-06-09,"Recovered",1482
"589",2020-06-09,"Active",0
"590",2020-06-10,"Deceased",22
"591",2020-06-10,"Recovered",1482
"592",2020-06-10,"Active",0
"593",2020-06-11,"Deceased",22
"594",2020-06-11,"Recovered",1482
"595",2020-06-11,"Active",0
"596",2020-06-12,"Deceased",22
"597",2020-06-12,"Recovered",1482
"598",2020-06-12,"Active",0
"599",2020-06-13,"Deceased",22
"600",2020-06-13,"Recovered",1482
"601",2020-06-13,"Active",0
"602",2020-06-14,"Deceased",22
"603",2020-06-14,"Recovered",1482
"604",2020-06-14,"Active",0
"605",2020-06-15,"Deceased",22
"606",2020-06-15,"Recovered",1482
"607",2020-06-15,"Active",0
"608",2020-06-16,"Deceased",22
"609",2020-06-16,"Recovered",1482
"610",2020-06-16,"Active",2
"611",2020-06-17,"Deceased",22
"612",2020-06-17,"Recovered",1482
"613",2020-06-17,"Active",2
"614",2020-06-18,"Deceased",22
"615",2020-06-18,"Recovered",1482
"616",2020-06-18,"Active",3
"617",2020-06-19,"Deceased",22
"618",2020-06-19,"Recovered",1482
"619",2020-06-19,"Active",3
"620",2020-06-20,"Deceased",22
"621",2020-06-20,"Recovered",1482
"622",2020-06-20,"Active",5
"623",2020-06-21,"Deceased",22
"624",2020-06-21,"Recovered",1482
"625",2020-06-21,"Active",7
"626",2020-06-22,"Deceased",22
"627",2020-06-22,"Recovered",1482
"628",2020-06-22,"Active",9
"629",2020-06-23,"Deceased",22
"630",2020-06-23,"Recovered",1483
"631",2020-06-23,"Active",10
"632",2020-06-24,"Deceased",22
"633",2020-06-24,"Recovered",1483
"634",2020-06-24,"Active",11
"635",2020-06-25,"Deceased",22
"636",2020-06-25,"Recovered",1484
"637",2020-06-25,"Active",13
"638",2020-06-26,"Deceased",22
"639",2020-06-26,"Recovered",1484
"640",2020-06-26,"Active",14
"641",2020-06-27,"Deceased",22
"642",2020-06-27,"Recovered",1484
"643",2020-06-27,"Active",16
"644",2020-06-28,"Deceased",22
"645",2020-06-28,"Recovered",1484
"646",2020-06-28,"Active",20
"647",2020-06-29,"Deceased",22
"648",2020-06-29,"Recovered",1484
"649",2020-06-29,"Active",22
"650",2020-06-30,"Deceased",22
"651",2020-06-30,"Recovered",1484
"652",2020-06-30,"Active",22
"653",2020-06-30,"Exports_weight_kilotonnes",3900.153
"654",2020-06-30,"Imports_weight_kilotonnes",1778.444
"655",2020-06-30,"Exports_value_mil_nzd",5338.592
"656",2020-06-30,"Imports_value_mil_nzd",4319.162
"657",2020-06-30,"All groups",1075
"658",2020-06-30,"Food",1077
"659",2020-06-30,"Petrol",875
"660",2020-06-30,"Rent",1165
"661",2020-07-01,"Deceased",22
"662",2020-07-01,"Recovered",1484
"663",2020-07-01,"Active",22
"664",2020-07-02,"Deceased",22
"665",2020-07-02,"Recovered",1490
"666",2020-07-02,"Active",18
"667",2020-07-03,"Deceased",22
"668",2020-07-03,"Recovered",1490
"669",2020-07-03,"Active",18
"670",2020-07-04,"Deceased",22
"671",2020-07-04,"Recovered",1490
"672",2020-07-04,"Active",18
"673",2020-07-05,"Deceased",22
"674",2020-07-05,"Recovered",1490
"675",2020-07-05,"Active",21
"676",2020-07-06,"Deceased",22
"677",2020-07-06,"Recovered",1490
"678",2020-07-06,"Active",22
"679",2020-07-07,"Deceased",22
"680",2020-07-07,"Recovered",1492
"681",2020-07-07,"Active",22
"682",2020-07-08,"Deceased",22
"683",2020-07-08,"Recovered",1492
"684",2020-07-08,"Active",23
"685",2020-07-09,"Deceased",22
"686",2020-07-09,"Recovered",1494
"687",2020-07-09,"Active",24
"688",2020-07-10,"Deceased",22
"689",2020-07-10,"Recovered",1497
"690",2020-07-10,"Active",23
"691",2020-07-11,"Deceased",22
"692",2020-07-11,"Recovered",1497
"693",2020-07-11,"Active",24
"694",2020-07-12,"Deceased",22
"695",2020-07-12,"Recovered",1497
"696",2020-07-12,"Active",25
"697",2020-07-13,"Deceased",22
"698",2020-07-13,"Recovered",1497
"699",2020-07-13,"Active",25
"700",2020-07-14,"Deceased",22
"701",2020-07-14,"Recovered",1498
"702",2020-07-14,"Active",25
"703",2020-07-15,"Deceased",22
"704",2020-07-15,"Recovered",1498
"705",2020-07-15,"Active",27
"706",2020-07-16,"Deceased",22
"707",2020-07-16,"Recovered",1499
"708",2020-07-16,"Active",27
"709",2020-07-17,"Deceased",22
"710",2020-07-17,"Recovered",1506
"711",2020-07-17,"Active",21
"712",2020-07-18,"Deceased",22
"713",2020-07-18,"Recovered",1506
"714",2020-07-18,"Active",22
"715",2020-07-19,"Deceased",22
"716",2020-07-19,"Recovered",1506
"717",2020-07-19,"Active",25
"718",2020-07-20,"Deceased",22
"719",2020-07-20,"Recovered",1506
"720",2020-07-20,"Active",26
"721",2020-07-21,"Deceased",22
"722",2020-07-21,"Recovered",1506
"723",2020-07-21,"Active",27
"724",2020-07-22,"Deceased",22
"725",2020-07-22,"Recovered",1506
"726",2020-07-22,"Active",27
"727",2020-07-23,"Deceased",22
"728",2020-07-23,"Recovered",1511
"729",2020-07-23,"Active",22
"730",2020-07-24,"Deceased",22
"731",2020-07-24,"Recovered",1513
"732",2020-07-24,"Active",21
"733",2020-07-25,"Deceased",22
"734",2020-07-25,"Recovered",1513
"735",2020-07-25,"Active",21
"736",2020-07-26,"Deceased",22
"737",2020-07-26,"Recovered",1513
"738",2020-07-26,"Active",21
"739",2020-07-27,"Deceased",22
"740",2020-07-27,"Recovered",1513
"741",2020-07-27,"Active",21
"742",2020-07-28,"Deceased",22
"743",2020-07-28,"Recovered",1514
"744",2020-07-28,"Active",21
"745",2020-07-29,"Deceased",22
"746",2020-07-29,"Recovered",1514
"747",2020-07-29,"Active",23
"748",2020-07-30,"Deceased",22
"749",2020-07-30,"Recovered",1514
"750",2020-07-30,"Active",24
"751",2020-07-31,"Deceased",22
"752",2020-07-31,"Recovered",1518
"753",2020-07-31,"Active",20
"754",2020-07-31,"Exports_weight_kilotonnes",3693.116
"755",2020-07-31,"Imports_weight_kilotonnes",1655.474
"756",2020-07-31,"Exports_value_mil_nzd",5211.753
"757",2020-07-31,"Imports_value_mil_nzd",4673.563
"758",2020-08-01,"Deceased",22
"759",2020-08-01,"Recovered",1518
"760",2020-08-01,"Active",22
"761",2020-08-02,"Deceased",22
"762",2020-08-02,"Recovered",1518
"763",2020-08-02,"Active",25
"764",2020-08-03,"Deceased",22
"765",2020-08-03,"Recovered",1518
"766",2020-08-03,"Active",27
"767",2020-08-04,"Deceased",22
"768",2020-08-04,"Recovered",1523
"769",2020-08-04,"Active",22
"770",2020-08-05,"Deceased",22
"771",2020-08-05,"Recovered",1523
"772",2020-08-05,"Active",24
"773",2020-08-06,"Deceased",22
"774",2020-08-06,"Recovered",1524
"775",2020-08-06,"Active",23
"776",2020-08-07,"Deceased",22
"777",2020-08-07,"Recovered",1524
"778",2020-08-07,"Active",23
"779",2020-08-08,"Deceased",22
"780",2020-08-08,"Recovered",1524
"781",2020-08-08,"Active",23
"782",2020-08-09,"Deceased",22
"783",2020-08-09,"Recovered",1524
"784",2020-08-09,"Active",23
"785",2020-08-10,"Deceased",22
"786",2020-08-10,"Recovered",1526
"787",2020-08-10,"Active",21
"788",2020-08-11,"Deceased",22
"789",2020-08-11,"Recovered",1526
"790",2020-08-11,"Active",22
"791",2020-08-12,"Deceased",22
"792",2020-08-12,"Recovered",1531
"793",2020-08-12,"Active",22
"794",2020-08-13,"Deceased",22
"795",2020-08-13,"Recovered",1531
"796",2020-08-13,"Active",36
"797",2020-08-14,"Deceased",22
"798",2020-08-14,"Recovered",1531
"799",2020-08-14,"Active",49
"800",2020-08-15,"Deceased",22
"801",2020-08-15,"Recovered",1531
"802",2020-08-15,"Active",56
"803",2020-08-16,"Deceased",22
"804",2020-08-16,"Recovered",1531
"805",2020-08-16,"Active",69
"806",2020-08-17,"Deceased",22
"807",2020-08-17,"Recovered",1531
"808",2020-08-17,"Active",78
"809",2020-08-18,"Deceased",22
"810",2020-08-18,"Recovered",1531
"811",2020-08-18,"Active",90
"812",2020-08-19,"Deceased",22
"813",2020-08-19,"Recovered",1531
"814",2020-08-19,"Active",96
"815",2020-08-20,"Deceased",22
"816",2020-08-20,"Recovered",1531
"817",2020-08-20,"Active",101
"818",2020-08-21,"Deceased",22
"819",2020-08-21,"Recovered",1538
"820",2020-08-21,"Active",105
"821",2020-08-22,"Deceased",22
"822",2020-08-22,"Recovered",1538
"823",2020-08-22,"Active",111
"824",2020-08-23,"Deceased",22
"825",2020-08-23,"Recovered",1538
"826",2020-08-23,"Active",114
"827",2020-08-24,"Deceased",22
"828",2020-08-24,"Recovered",1538
"829",2020-08-24,"Active",123
"830",2020-08-25,"Deceased",22
"831",2020-08-25,"Recovered",1539
"832",2020-08-25,"Active",129
"833",2020-08-26,"Deceased",22
"834",2020-08-26,"Recovered",1539
"835",2020-08-26,"Active",134
"836",2020-08-27,"Deceased",22
"837",2020-08-27,"Recovered",1554
"838",2020-08-27,"Active",126
"839",2020-08-28,"Deceased",22
"840",2020-08-28,"Recovered",1561
"841",2020-08-28,"Active",131
"842",2020-08-29,"Deceased",22
"843",2020-08-29,"Recovered",1568
"844",2020-08-29,"Active",137
"845",2020-08-30,"Deceased",22
"846",2020-08-30,"Recovered",1570
"847",2020-08-30,"Active",137
"848",2020-08-31,"Deceased",22
"849",2020-08-31,"Recovered",1585
"850",2020-08-31,"Active",131
"851",2020-08-31,"Exports_weight_kilotonnes",3568.016
"852",2020-08-31,"Imports_weight_kilotonnes",1900.489
"853",2020-08-31,"Exports_value_mil_nzd",4378.788
"854",2020-08-31,"Imports_value_mil_nzd",4921.311
"855",2020-09-01,"Deceased",22
"856",2020-09-01,"Recovered",1598
"857",2020-09-01,"Active",132
"858",2020-09-02,"Deceased",22
"859",2020-09-02,"Recovered",1606
"860",2020-09-02,"Active",129
"861",2020-09-03,"Deceased",22
"862",2020-09-03,"Recovered",1622
"863",2020-09-03,"Active",115
"864",2020-09-04,"Deceased",22
"865",2020-09-04,"Recovered",1630
"866",2020-09-04,"Active",112
"867",2020-09-05,"Deceased",24
"868",2020-09-05,"Recovered",1631
"869",2020-09-05,"Active",112
"870",2020-09-06,"Deceased",24
"871",2020-09-06,"Recovered",1632
"872",2020-09-06,"Active",116
"873",2020-09-07,"Deceased",24
"874",2020-09-07,"Recovered",1634
"875",2020-09-07,"Active",118
"876",2020-09-08,"Deceased",24
"877",2020-09-08,"Recovered",1635
"878",2020-09-08,"Active",123
"879",2020-09-09,"Deceased",24
"880",2020-09-09,"Recovered",1639
"881",2020-09-09,"Active",125
"882",2020-09-10,"Deceased",24
"883",2020-09-10,"Recovered",1648
"884",2020-09-10,"Active",120
"885",2020-09-11,"Deceased",24
"886",2020-09-11,"Recovered",1655
"887",2020-09-11,"Active",114
"888",2020-09-12,"Deceased",24
"889",2020-09-12,"Recovered",1663
"890",2020-09-12,"Active",108
"891",2020-09-13,"Deceased",24
"892",2020-09-13,"Recovered",1676
"893",2020-09-13,"Active",97
"894",2020-09-14,"Deceased",24
"895",2020-09-14,"Recovered",1678
"896",2020-09-14,"Active",96
"897",2020-09-15,"Deceased",24
"898",2020-09-15,"Recovered",1694
"899",2020-09-15,"Active",83
"900",2020-09-16,"Deceased",25
"901",2020-09-16,"Recovered",1698
"902",2020-09-16,"Active",79
"903",2020-09-17,"Deceased",25
"904",2020-09-17,"Recovered",1707
"905",2020-09-17,"Active",77
"906",2020-09-18,"Deceased",25
"907",2020-09-18,"Recovered",1714
"908",2020-09-18,"Active",70
"909",2020-09-19,"Deceased",25
"910",2020-09-19,"Recovered",1719
"911",2020-09-19,"Active",67
"912",2020-09-20,"Deceased",25
"913",2020-09-20,"Recovered",1719
"914",2020-09-20,"Active",71
"915",2020-09-21,"Deceased",25
"916",2020-09-21,"Recovered",1728
"917",2020-09-21,"Active",62
"918",2020-09-22,"Deceased",25
"919",2020-09-22,"Recovered",1729
"920",2020-09-22,"Active",61
"921",2020-09-23,"Deceased",25
"922",2020-09-23,"Recovered",1737
"923",2020-09-23,"Active",62
"924",2020-09-24,"Deceased",25
"925",2020-09-24,"Recovered",1737
"926",2020-09-24,"Active",65
"927",2020-09-25,"Deceased",25
"928",2020-09-25,"Recovered",1744
"929",2020-09-25,"Active",60
"930",2020-09-26,"Deceased",25
"931",2020-09-26,"Recovered",1745
"932",2020-09-26,"Active",61
"933",2020-09-27,"Deceased",25
"934",2020-09-27,"Recovered",1749
"935",2020-09-27,"Active",59
"936",2020-09-28,"Deceased",25
"937",2020-09-28,"Recovered",1753
"938",2020-09-28,"Active",55
"939",2020-09-29,"Deceased",25
"940",2020-09-29,"Recovered",1755
"941",2020-09-29,"Active",55
"942",2020-09-30,"Deceased",25
"943",2020-09-30,"Recovered",1767
"944",2020-09-30,"Active",44
"945",2020-09-30,"Exports_weight_kilotonnes",3316.846
"946",2020-09-30,"Imports_weight_kilotonnes",2181.578
"947",2020-09-30,"Exports_value_mil_nzd",4231.066
"948",2020-09-30,"Imports_value_mil_nzd",5192.262
"949",2020-09-30,"All groups",1079
"950",2020-09-30,"Food",1090
"951",2020-09-30,"Petrol",891
"952",2020-09-30,"Rent",1171
"953",2020-10-01,"Deceased",25
"954",2020-10-01,"Recovered",1770
"955",2020-10-01,"Active",53
"956",2020-10-02,"Deceased",25
"957",2020-10-02,"Recovered",1780
"958",2020-10-02,"Active",43
"959",2020-10-03,"Deceased",25
"960",2020-10-03,"Recovered",1783
"961",2020-10-03,"Active",41
"962",2020-10-04,"Deceased",25
"963",2020-10-04,"Recovered",1788
"964",2020-10-04,"Active",41
"965",2020-10-05,"Deceased",25
"966",2020-10-05,"Recovered",1790
"967",2020-10-05,"Active",40
"968",2020-10-06,"Deceased",25
"969",2020-10-06,"Recovered",1790
"970",2020-10-06,"Active",43
"971",2020-10-07,"Deceased",25
"972",2020-10-07,"Recovered",1799
"973",2020-10-07,"Active",37
"974",2020-10-08,"Deceased",25
"975",2020-10-08,"Recovered",1800
"976",2020-10-08,"Active",39
"977",2020-10-09,"Deceased",25
"978",2020-10-09,"Recovered",1800
"979",2020-10-09,"Active",41
"980",2020-10-10,"Deceased",25
"981",2020-10-10,"Recovered",1801
"982",2020-10-10,"Active",44
"983",2020-10-11,"Deceased",25
"984",2020-10-11,"Recovered",1801
"985",2020-10-11,"Active",45
"986",2020-10-12,"Deceased",25
"987",2020-10-12,"Recovered",1801
"988",2020-10-12,"Active",45
"989",2020-10-13,"Deceased",25
"990",2020-10-13,"Recovered",1808
"991",2020-10-13,"Active",39
"992",2020-10-14,"Deceased",25
"993",2020-10-14,"Recovered",1809
"994",2020-10-14,"Active",40
"995",2020-10-15,"Deceased",25
"996",2020-10-15,"Recovered",1809
"997",2020-10-15,"Active",42
"998",2020-10-16,"Deceased",25
"999",2020-10-16,"Recovered",1809
"1000",2020-10-16,"Active",46
"1001",2020-10-17,"Deceased",25
"1002",2020-10-17,"Recovered",1818
"1003",2020-10-17,"Active",40
"1004",2020-10-18,"Deceased",25
"1005",2020-10-18,"Recovered",1819
"1006",2020-10-18,"Active",42
"1007",2020-10-19,"Deceased",25
"1008",2020-10-19,"Recovered",1824
"1009",2020-10-19,"Active",37
"1010",2020-10-20,"Deceased",25
"1011",2020-10-20,"Recovered",1829
"1012",2020-10-20,"Active",33
"1013",2020-10-21,"Deceased",25
"1014",2020-10-21,"Recovered",1831
"1015",2020-10-21,"Active",56
"1016",2020-10-22,"Deceased",25
"1017",2020-10-22,"Recovered",1831
"1018",2020-10-22,"Active",58
"1019",2020-10-23,"Deceased",25
"1020",2020-10-23,"Recovered",1832
"1021",2020-10-23,"Active",61
"1022",2020-10-24,"Deceased",25
"1023",2020-10-24,"Recovered",1835
"1024",2020-10-24,"Active",74
"1025",2020-10-25,"Deceased",25
"1026",2020-10-25,"Recovered",1840
"1027",2020-10-25,"Active",70
"1028",2020-10-26,"Deceased",25
"1029",2020-10-26,"Recovered",1841
"1030",2020-10-26,"Active",74
"1031",2020-10-27,"Deceased",25
"1032",2020-10-27,"Recovered",1848
"1033",2020-10-27,"Active",68
"1034",2020-10-28,"Deceased",25
"1035",2020-10-28,"Recovered",1852
"1036",2020-10-28,"Active",66
"1037",2020-10-29,"Deceased",25
"1038",2020-10-29,"Recovered",1854
"1039",2020-10-29,"Active",70
"1040",2020-10-30,"Deceased",25
"1041",2020-10-30,"Recovered",1857
"1042",2020-10-30,"Active",68
"1043",2020-10-31,"Deceased",25
"1044",2020-10-31,"Recovered",1857
"1045",2020-10-31,"Active",75
"1046",2020-10-31,"Exports_weight_kilotonnes",4074.855
"1047",2020-10-31,"Imports_weight_kilotonnes",2373.643
"1048",2020-10-31,"Exports_value_mil_nzd",5010.589
"1049",2020-10-31,"Imports_value_mil_nzd",5324.102
"1050",2020-11-01,"Deceased",25
"1051",2020-11-01,"Recovered",1857
"1052",2020-11-01,"Active",77
"1053",2020-11-02,"Deceased",25
"1054",2020-11-02,"Recovered",1857
"1055",2020-11-02,"Active",81
"1056",2020-11-03,"Deceased",25
"1057",2020-11-03,"Recovered",1868
"1058",2020-11-03,"Active",75
"1059",2020-11-04,"Deceased",25
"1060",2020-11-04,"Recovered",1873
"1061",2020-11-04,"Active",73
"1062",2020-11-05,"Deceased",25
"1063",2020-11-05,"Recovered",1881
"1064",2020-11-05,"Active",67
"1065",2020-11-06,"Deceased",25
"1066",2020-11-06,"Recovered",1905
"1067",2020-11-06,"Active",44
"1068",2020-11-07,"Deceased",25
"1069",2020-11-07,"Recovered",1908
"1070",2020-11-07,"Active",43
"1071",2020-11-08,"Deceased",25
"1072",2020-11-08,"Recovered",1909
"1073",2020-11-08,"Active",48
"1074",2020-11-09,"Deceased",25
"1075",2020-11-09,"Recovered",1910
"1076",2020-11-09,"Active",51
"1077",2020-11-10,"Deceased",25
"1078",2020-11-10,"Recovered",1910
"1079",2020-11-10,"Active",52
"1080",2020-11-11,"Deceased",25
"1081",2020-11-11,"Recovered",1911
"1082",2020-11-11,"Active",52
"1083",2020-11-12,"Deceased",25
"1084",2020-11-12,"Recovered",1913
"1085",2020-11-12,"Active",53
"1086",2020-11-13,"Deceased",25
"1087",2020-11-13,"Recovered",1917
"1088",2020-11-13,"Active",53
"1089",2020-11-14,"Deceased",25
"1090",2020-11-14,"Recovered",1918
"1091",2020-11-14,"Active",55
"1092",2020-11-15,"Deceased",25
"1093",2020-11-15,"Recovered",1918
"1094",2020-11-15,"Active",58
"1095",2020-11-16,"Deceased",25
"1096",2020-11-16,"Recovered",1918
"1097",2020-11-16,"Active",58
"1098",2020-11-17,"Deceased",25
"1099",2020-11-17,"Recovered",1919
"1100",2020-11-17,"Active",61
"1101",2020-11-18,"Deceased",25
"1102",2020-11-18,"Recovered",1919
"1103",2020-11-18,"Active",64
"1104",2020-11-19,"Deceased",25
"1105",2020-11-19,"Recovered",1948
"1106",2020-11-19,"Active",37
"1107",2020-11-20,"Deceased",25
"1108",2020-11-20,"Recovered",1948
"1109",2020-11-20,"Active",40
"1110",2020-11-21,"Deceased",25
"1111",2020-11-21,"Recovered",1952
"1112",2020-11-21,"Active",42
"1113",2020-11-22,"Deceased",25
"1114",2020-11-22,"Recovered",1953
"1115",2020-11-22,"Active",50
"1116",2020-11-23,"Deceased",25
"1117",2020-11-23,"Recovered",1953
"1118",2020-11-23,"Active",52
"1119",2020-11-24,"Deceased",25
"1120",2020-11-24,"Recovered",1953
"1121",2020-11-24,"Active",53
"1122",2020-11-25,"Deceased",25
"1123",2020-11-25,"Recovered",1955
"1124",2020-11-25,"Active",59
"1125",2020-11-26,"Deceased",25
"1126",2020-11-26,"Recovered",1955
"1127",2020-11-26,"Active",60
"1128",2020-11-27,"Deceased",25
"1129",2020-11-27,"Recovered",1956
"1130",2020-11-27,"Active",66
"1131",2020-11-28,"Deceased",25
"1132",2020-11-28,"Recovered",1956
"1133",2020-11-28,"Active",69
"1134",2020-11-29,"Deceased",25
"1135",2020-11-29,"Recovered",1958
"1136",2020-11-29,"Active",68
"1137",2020-11-30,"Deceased",25
"1138",2020-11-30,"Recovered",1959
"1139",2020-11-30,"Active",72
"1140",2020-11-30,"Exports_weight_kilotonnes",3530.537
"1141",2020-11-30,"Imports_weight_kilotonnes",2039.493
"1142",2020-11-30,"Exports_value_mil_nzd",5307.735
"1143",2020-11-30,"Imports_value_mil_nzd",5029.978
"1144",2020-12-01,"Deceased",25
"1145",2020-12-01,"Recovered",1962
"1146",2020-12-01,"Active",72
"1147",2020-12-02,"Deceased",25
"1148",2020-12-02,"Recovered",1963
"1149",2020-12-02,"Active",72
"1150",2020-12-03,"Deceased",25
"1151",2020-12-03,"Recovered",1972
"1152",2020-12-03,"Active",70
"1153",2020-12-04,"Deceased",25
"1154",2020-12-04,"Recovered",1983
"1155",2020-12-04,"Active",61
"1156",2020-12-05,"Deceased",25
"1157",2020-12-05,"Recovered",1994
"1158",2020-12-05,"Active",59
"1159",2020-12-06,"Deceased",25
"1160",2020-12-06,"Recovered",1997
"1161",2020-12-06,"Active",56
"1162",2020-12-07,"Deceased",25
"1163",2020-12-07,"Recovered",1998
"1164",2020-12-07,"Active",56
"1165",2020-12-08,"Deceased",25
"1166",2020-12-08,"Recovered",2006
"1167",2020-12-08,"Active",54
"1168",2020-12-09,"Deceased",25
"1169",2020-12-09,"Recovered",2008
"1170",2020-12-09,"Active",55
"1171",2020-12-11,"Deceased",25
"1172",2020-12-11,"Recovered",2010
"1173",2020-12-11,"Active",57
"1174",2020-12-13,"Deceased",25
"1175",2020-12-13,"Recovered",2015
"1176",2020-12-13,"Active",56
"1177",2020-12-14,"Deceased",25
"1178",2020-12-14,"Recovered",2015
"1179",2020-12-14,"Active",56
"1180",2020-12-15,"Deceased",25
"1181",2020-12-15,"Recovered",2032
"1182",2020-12-15,"Active",43
"1183",2020-12-16,"Deceased",25
"1184",2020-12-16,"Recovered",2032
"1185",2020-12-16,"Active",43
"1186",2020-12-18,"Deceased",25
"1187",2020-12-18,"Recovered",2034
"1188",2020-12-18,"Active",51
"1189",2020-12-20,"Deceased",25
"1190",2020-12-20,"Recovered",2036
"1191",2020-12-20,"Active",55
"1192",2020-12-21,"Deceased",25
"1193",2020-12-21,"Recovered",2037
"1194",2020-12-21,"Active",59
"1195",2020-12-23,"Deceased",25
"1196",2020-12-23,"Recovered",2054
"1197",2020-12-23,"Active",49
"1198",2020-12-27,"Deceased",25
"1199",2020-12-27,"Recovered",2069
"1200",2020-12-27,"Active",50
"1201",2020-12-29,"Deceased",25
"1202",2020-12-29,"Recovered",2077
"1203",2020-12-29,"Active",49
"1204",2020-12-31,"Deceased",25
"1205",2020-12-31,"Recovered",2082
"1206",2020-12-31,"Active",55
"1207",2020-12-31,"Exports_weight_kilotonnes",3774.384
"1208",2020-12-31,"Imports_weight_kilotonnes",1933.317
"1209",2020-12-31,"Exports_value_mil_nzd",5621.92
"1210",2020-12-31,"Imports_value_mil_nzd",5453.775
"1211",2020-12-31,"All groups",1080
"1212",2020-12-31,"Food",1072
"1213",2020-12-31,"Petrol",895
"1214",2020-12-31,"Rent",1178
"1215",2021-01-03,"Deceased",25
"1216",2021-01-03,"Recovered",2084
"1217",2021-01-03,"Active",72
"1218",2021-01-05,"Deceased",25
"1219",2021-01-05,"Recovered",2100
"1220",2021-01-05,"Active",61
"1221",2021-01-07,"Deceased",25
"1222",2021-01-07,"Recovered",2101
"1223",2021-01-07,"Active",62
"1224",2021-01-10,"Deceased",25
"1225",2021-01-10,"Recovered",2119
"1226",2021-01-10,"Active",75
"1227",2021-01-11,"Deceased",25
"1228",2021-01-11,"Recovered",2120
"1229",2021-01-11,"Active",77
"1230",2021-01-13,"Deceased",25
"1231",2021-01-13,"Recovered",2141
"1232",2021-01-13,"Active",62
"1233",2021-01-15,"Deceased",25
"1234",2021-01-15,"Recovered",2145
"1235",2021-01-15,"Active",76
"1236",2021-01-17,"Deceased",25
"1237",2021-01-17,"Recovered",2149
"1238",2021-01-17,"Active",82
"1239",2021-01-18,"Deceased",25
"1240",2021-01-18,"Recovered",2152
"1241",2021-01-18,"Active",85
"1242",2021-01-20,"Deceased",25
"1243",2021-01-20,"Recovered",2166
"1244",2021-01-20,"Active",76
"1245",2021-01-22,"Deceased",25
"1246",2021-01-22,"Recovered",2178
"1247",2021-01-22,"Active",73
"1248",2021-01-26,"Deceased",25
"1249",2021-01-26,"Recovered",2200
"1250",2021-01-26,"Active",66
"1251",2021-01-27,"Deceased",25
"1252",2021-01-27,"Recovered",2201
"1253",2021-01-27,"Active",68
"1254",2021-01-28,"Deceased",25
"1255",2021-01-28,"Recovered",2205
"1256",2021-01-28,"Active",69
"1257",2021-01-31,"Exports_weight_kilotonnes",2787.226
"1258",2021-01-31,"Imports_weight_kilotonnes",2169.879
"1259",2021-01-31,"Exports_value_mil_nzd",4342.26
"1260",2021-01-31,"Imports_value_mil_nzd",5286.249
"1261",2021-02-01,"Deceased",25
"1262",2021-02-01,"Recovered",2209
"1263",2021-02-01,"Active",69
"1264",2021-02-02,"Deceased",25
"1265",2021-02-02,"Recovered",2210
"1266",2021-02-02,"Active",72
"1267",2021-02-03,"Deceased",25
"1268",2021-02-03,"Recovered",2222
"1269",2021-02-03,"Active",61
"1270",2021-02-04,"Deceased",25
"1271",2021-02-04,"Recovered",2228
"1272",2021-02-04,"Active",60
"1273",2021-02-05,"Deceased",25
"1274",2021-02-05,"Recovered",2228
"1275",2021-02-05,"Active",62
"1276",2021-02-08,"Deceased",25
"1277",2021-02-08,"Recovered",2229
"1278",2021-02-08,"Active",66
"1279",2021-02-09,"Deceased",25
"1280",2021-02-09,"Recovered",2230
"1281",2021-02-09,"Active",67
"1282",2021-02-10,"Deceased",25
"1283",2021-02-10,"Recovered",2240
"1284",2021-02-10,"Active",59
"1285",2021-02-11,"Deceased",25
"1286",2021-02-11,"Recovered",2245
"1287",2021-02-11,"Active",54
"1288",2021-02-12,"Deceased",25
"1289",2021-02-12,"Recovered",2257
"1290",2021-02-12,"Active",44
"1291",2021-02-14,"Deceased",25
"1292",2021-02-14,"Recovered",2258
"1293",2021-02-14,"Active",47
"1294",2021-02-15,"Deceased",25
"1295",2021-02-15,"Recovered",2264
"1296",2021-02-15,"Active",47
"1297",2021-02-16,"Deceased",26
"1298",2021-02-16,"Recovered",2265
"1299",2021-02-16,"Active",46
"1300",2021-02-17,"Deceased",26
"1301",2021-02-17,"Recovered",2265
"1302",2021-02-17,"Active",49
"1303",2021-02-18,"Deceased",26
"1304",2021-02-18,"Recovered",2272
"1305",2021-02-18,"Active",46
"1306",2021-02-19,"Deceased",26
"1307",2021-02-19,"Recovered",2272
"1308",2021-02-19,"Active",50
"1309",2021-02-21,"Deceased",26
"1310",2021-02-21,"Recovered",2273
"1311",2021-02-21,"Active",51
"1312",2021-02-22,"Deceased",26
"1313",2021-02-22,"Recovered",2277
"1314",2021-02-22,"Active",54
"1315",2021-02-23,"Deceased",26
"1316",2021-02-23,"Recovered",2277
"1317",2021-02-23,"Active",60
"1318",2021-02-24,"Deceased",26
"1319",2021-02-24,"Recovered",2277
"1320",2021-02-24,"Active",62
"1321",2021-02-25,"Deceased",26
"1322",2021-02-25,"Recovered",2277
"1323",2021-02-25,"Active",65
"1324",2021-02-26,"Deceased",26
"1325",2021-02-26,"Recovered",2278
"1326",2021-02-26,"Active",67
"1327",2021-02-28,"Deceased",26
"1328",2021-02-28,"Recovered",2285
"1329",2021-02-28,"Active",65
"1330",2021-02-28,"Exports_weight_kilotonnes",3544.513
"1331",2021-02-28,"Imports_weight_kilotonnes",1619.116
"1332",2021-02-28,"Exports_value_mil_nzd",4616.824
"1333",2021-02-28,"Imports_value_mil_nzd",4374.333
"1334",2021-03-01,"Deceased",26
"1335",2021-03-01,"Recovered",2285
"1336",2021-03-01,"Active",67
"1337",2021-03-02,"Deceased",26
"1338",2021-03-02,"Recovered",2287
"1339",2021-03-02,"Active",69
"1340",2021-03-04,"Deceased",26
"1341",2021-03-04,"Recovered",2295
"1342",2021-03-04,"Active",68
"1343",2021-03-05,"Deceased",26
"1344",2021-03-05,"Recovered",2295
"1345",2021-03-05,"Active",68
"1346",2021-03-07,"Deceased",26
"1347",2021-03-07,"Recovered",2301
"1348",2021-03-07,"Active",72
"1349",2021-03-08,"Deceased",26
"1350",2021-03-08,"Recovered",2301
"1351",2021-03-08,"Active",78
"1352",2021-03-09,"Deceased",26
"1353",2021-03-09,"Recovered",2304
"1354",2021-03-09,"Active",79
"1355",2021-03-10,"Deceased",26
"1356",2021-03-10,"Recovered",2304
"1357",2021-03-10,"Active",80
"1358",2021-03-11,"Deceased",26
"1359",2021-03-11,"Recovered",2305
"1360",2021-03-11,"Active",85
"1361",2021-03-12,"Deceased",26
"1362",2021-03-12,"Recovered",2305
"1363",2021-03-12,"Active",86
"1364",2021-03-14,"Deceased",26
"1365",2021-03-14,"Recovered",2310
"1366",2021-03-14,"Active",87
"1367",2021-03-15,"Deceased",26
"1368",2021-03-15,"Recovered",2311
"1369",2021-03-15,"Active",93
"1370",2021-03-16,"Deceased",26
"1371",2021-03-16,"Recovered",2311
"1372",2021-03-16,"Active",95
"1373",2021-03-17,"Deceased",26
"1374",2021-03-17,"Recovered",2311
"1375",2021-03-17,"Active",97
"1376",2021-03-19,"Deceased",26
"1377",2021-03-19,"Recovered",2363
"1378",2021-03-19,"Active",55
"1379",2021-03-21,"Deceased",26
"1380",2021-03-21,"Recovered",2369
"1381",2021-03-21,"Active",58
"1382",2021-03-22,"Deceased",26
"1383",2021-03-22,"Recovered",2373
"1384",2021-03-22,"Active",63
"1385",2021-03-23,"Deceased",26
"1386",2021-03-23,"Recovered",2374
"1387",2021-03-23,"Active",68
"1388",2021-03-24,"Deceased",26
"1389",2021-03-24,"Recovered",2377
"1390",2021-03-24,"Active",67
"1391",2021-03-25,"Deceased",26
"1392",2021-03-25,"Recovered",2379
"1393",2021-03-25,"Active",71
"1394",2021-03-26,"Deceased",26
"1395",2021-03-26,"Recovered",2379
"1396",2021-03-26,"Active",74
"1397",2021-03-28,"Deceased",26
"1398",2021-03-28,"Recovered",2381
"1399",2021-03-28,"Active",75
"1400",2021-03-29,"Deceased",26
"1401",2021-03-29,"Recovered",2381
"1402",2021-03-29,"Active",86
"1403",2021-03-30,"Deceased",26
"1404",2021-03-30,"Recovered",2389
"1405",2021-03-30,"Active",80
"1406",2021-03-31,"Deceased",26
"1407",2021-03-31,"Recovered",2399
"1408",2021-03-31,"Active",72
"1409",2021-03-31,"Exports_weight_kilotonnes",4080.263
"1410",2021-03-31,"Imports_weight_kilotonnes",2127.964
"1411",2021-03-31,"Exports_value_mil_nzd",5926.991
"1412",2021-03-31,"Imports_value_mil_nzd",6008.548
"1413",2021-03-31,"All groups",1090
"1414",2021-03-31,"Food",1077
"1415",2021-03-31,"Petrol",960
"1416",2021-03-31,"Rent",1192
"1417",2021-04-01,"Deceased",26
"1418",2021-04-01,"Recovered",2408
"1419",2021-04-01,"Active",67
"1420",2021-04-04,"Deceased",26
"1421",2021-04-04,"Recovered",2420
"1422",2021-04-04,"Active",61
"1423",2021-04-06,"Deceased",26
"1424",2021-04-06,"Recovered",2424
"1425",2021-04-06,"Active",74
"1426",2021-04-07,"Deceased",26
"1427",2021-04-07,"Recovered",2424
"1428",2021-04-07,"Active",81
"1429",2021-04-08,"Deceased",26
"1430",2021-04-08,"Recovered",2434
"1431",2021-04-08,"Active",95
"1432",2021-04-09,"Deceased",26
"1433",2021-04-09,"Recovered",2440
"1434",2021-04-09,"Active",95
"1435",2021-04-11,"Deceased",26
"1436",2021-04-11,"Recovered",2440
"1437",2021-04-11,"Active",108
"1438",2021-04-12,"Deceased",26
"1439",2021-04-12,"Recovered",2457
"1440",2021-04-12,"Active",100
"1441",2021-04-13,"Deceased",26
"1442",2021-04-13,"Recovered",2459
"1443",2021-04-13,"Active",102
"1444",2021-04-14,"Deceased",26
"1445",2021-04-14,"Recovered",2462
"1446",2021-04-14,"Active",101
"1447",2021-04-15,"Deceased",26
"1448",2021-04-15,"Recovered",2464
"1449",2021-04-15,"Active",101
"1450",2021-04-16,"Deceased",26
"1451",2021-04-16,"Recovered",2464
"1452",2021-04-16,"Active",100
"1453",2021-04-18,"Deceased",26
"1454",2021-04-18,"Recovered",2467
"1455",2021-04-18,"Active",102
"1456",2021-04-19,"Deceased",26
"1457",2021-04-19,"Recovered",2468
"1458",2021-04-19,"Active",102
"1459",2021-04-20,"Deceased",26
"1460",2021-04-20,"Recovered",2485
"1461",2021-04-20,"Active",86
"1462",2021-04-21,"Deceased",26
"1463",2021-04-21,"Recovered",2490
"1464",2021-04-21,"Active",83
"1465",2021-04-22,"Deceased",26
"1466",2021-04-22,"Recovered",2494
"1467",2021-04-22,"Active",80
"1468",2021-04-23,"Deceased",26
"1469",2021-04-23,"Recovered",2542
"1470",2021-04-23,"Active",32
"1471",2021-04-25,"Deceased",26
"1472",2021-04-25,"Recovered",2542
"1473",2021-04-25,"Active",33
"1474",2021-04-27,"Deceased",26
"1475",2021-04-27,"Recovered",2547
"1476",2021-04-27,"Active",36
"1477",2021-04-28,"Deceased",26
"1478",2021-04-28,"Recovered",2557
"1479",2021-04-28,"Active",27
"1480",2021-04-29,"Deceased",26
"1481",2021-04-29,"Recovered",2564
"1482",2021-04-29,"Active",23
"1483",2021-04-30,"Deceased",26
"1484",2021-04-30,"Recovered",2564
"1485",2021-04-30,"Active",23
"1486",2021-04-30,"Exports_weight_kilotonnes",4112.935
"1487",2021-04-30,"Imports_weight_kilotonnes",1866.328
"1488",2021-04-30,"Exports_value_mil_nzd",5585.766
"1489",2021-04-30,"Imports_value_mil_nzd",5164.883
"1490",2021-05-02,"Deceased",26
"1491",2021-05-02,"Recovered",2568
"1492",2021-05-02,"Active",24
"1493",2021-05-03,"Deceased",26
"1494",2021-05-03,"Recovered",2571
"1495",2021-05-03,"Active",25
"1496",2021-05-04,"Deceased",26
"1497",2021-05-04,"Recovered",2573
"1498",2021-05-04,"Active",24
"1499",2021-05-05,"Deceased",26
"1500",2021-05-05,"Recovered",2578
"1501",2021-05-05,"Active",25
"1502",2021-05-06,"Deceased",26
"1503",2021-05-06,"Recovered",2579
"1504",2021-05-06,"Active",28
"1505",2021-05-07,"Deceased",26
"1506",2021-05-07,"Recovered",2582
"1507",2021-05-07,"Active",26
"1508",2021-05-09,"Deceased",26
"1509",2021-05-09,"Recovered",2589
"1510",2021-05-09,"Active",27
"1511",2021-05-10,"Deceased",26
"1512",2021-05-10,"Recovered",2591
"1513",2021-05-10,"Active",27
"1514",2021-05-11,"Deceased",26
"1515",2021-05-11,"Recovered",2593
"1516",2021-05-11,"Active",24
"1517",2021-05-12,"Deceased",26
"1518",2021-05-12,"Recovered",2595
"1519",2021-05-12,"Active",22
"1520",2021-05-13,"Deceased",26
"1521",2021-05-13,"Recovered",2600
"1522",2021-05-13,"Active",18
"1523",2021-05-14,"Deceased",26
"1524",2021-05-14,"Recovered",2601
"1525",2021-05-14,"Active",18
"1526",2021-05-16,"Deceased",26
"1527",2021-05-16,"Recovered",2601
"1528",2021-05-16,"Active",19
"1529",2021-05-17,"Deceased",26
"1530",2021-05-17,"Recovered",2607
"1531",2021-05-17,"Active",18
"1532",2021-05-18,"Deceased",26
"1533",2021-05-18,"Recovered",2608
"1534",2021-05-18,"Active",19
"1535",2021-05-19,"Deceased",26
"1536",2021-05-19,"Recovered",2607
"1537",2021-05-19,"Active",25
"1538",2021-05-20,"Deceased",26
"1539",2021-05-20,"Recovered",2609
"1540",2021-05-20,"Active",24
"1541",2021-05-21,"Deceased",26
"1542",2021-05-21,"Recovered",2613
"1543",2021-05-21,"Active",23
"1544",2021-05-23,"Deceased",26
"1545",2021-05-23,"Recovered",2615
"1546",2021-05-23,"Active",27
"1547",2021-05-24,"Deceased",26
"1548",2021-05-24,"Recovered",2617
"1549",2021-05-24,"Active",24
"1550",2021-05-25,"Deceased",26
"1551",2021-05-25,"Recovered",2621
"1552",2021-05-25,"Active",22
"1553",2021-05-26,"Deceased",26
"1554",2021-05-26,"Recovered",2621
"1555",2021-05-26,"Active",22
"1556",2021-05-27,"Deceased",26
"1557",2021-05-27,"Recovered",2623
"1558",2021-05-27,"Active",21
"1559",2021-05-28,"Deceased",26
"1560",2021-05-28,"Recovered",2623
"1561",2021-05-28,"Active",21
"1562",2021-05-30,"Deceased",26
"1563",2021-05-30,"Recovered",2630
"1564",2021-05-30,"Active",16
"1565",2021-05-31,"Deceased",26
"1566",2021-05-31,"Recovered",2630
"1567",2021-05-31,"Active",17
"1568",2021-05-31,"Exports_weight_kilotonnes",3656.23
"1569",2021-05-31,"Imports_weight_kilotonnes",2086.383
"1570",2021-05-31,"Exports_value_mil_nzd",6281.892
"1571",2021-05-31,"Imports_value_mil_nzd",5965.387
"1572",2021-06-01,"Deceased",26
"1573",2021-06-01,"Recovered",2634
"1574",2021-06-01,"Active",13
"1575",2021-06-02,"Deceased",26
"1576",2021-06-02,"Recovered",2635
"1577",2021-06-02,"Active",18
"1578",2021-06-03,"Deceased",26
"1579",2021-06-03,"Recovered",2638
"1580",2021-06-03,"Active",17
"1581",2021-06-04,"Deceased",26
"1582",2021-06-04,"Recovered",2639
"1583",2021-06-04,"Active",17
"1584",2021-06-06,"Deceased",26
"1585",2021-06-06,"Recovered",2639
"1586",2021-06-06,"Active",17
"1587",2021-06-08,"Deceased",26
"1588",2021-06-08,"Recovered",2644
"1589",2021-06-08,"Active",22
"1590",2021-06-09,"Deceased",26
"1591",2021-06-09,"Recovered",2646
"1592",2021-06-09,"Active",24
"1593",2021-06-10,"Deceased",26
"1594",2021-06-10,"Recovered",2647
"1595",2021-06-10,"Active",24
"1596",2021-06-11,"Deceased",26
"1597",2021-06-11,"Recovered",2647
"1598",2021-06-11,"Active",29
"1599",2021-06-13,"Deceased",26
"1600",2021-06-13,"Recovered",2655
"1601",2021-06-13,"Active",27
"1602",2021-06-14,"Deceased",26
"1603",2021-06-14,"Recovered",2656
"1604",2021-06-14,"Active",27
"1605",2021-06-15,"Deceased",26
"1606",2021-06-15,"Recovered",2660
"1607",2021-06-15,"Active",23
"1608",2021-06-16,"Deceased",26
"1609",2021-06-16,"Recovered",2662
"1610",2021-06-16,"Active",23
"1611",2021-06-17,"Deceased",26
"1612",2021-06-17,"Recovered",2663
"1613",2021-06-17,"Active",24
"1614",2021-06-18,"Deceased",26
"1615",2021-06-18,"Recovered",2665
"1616",2021-06-18,"Active",23
"1617",2021-06-20,"Deceased",26
"1618",2021-06-20,"Recovered",2670
"1619",2021-06-20,"Active",22
"1620",2021-06-21,"Deceased",26
"1621",2021-06-21,"Recovered",2671
"1622",2021-06-21,"Active",23
"1623",2021-06-22,"Deceased",26
"1624",2021-06-22,"Recovered",2673
"1625",2021-06-22,"Active",20
"1626",2021-06-23,"Deceased",26
"1627",2021-06-23,"Recovered",2673
"1628",2021-06-23,"Active",24
"1629",2021-06-24,"Deceased",26
"1630",2021-06-24,"Recovered",2680
"1631",2021-06-24,"Active",17
"1632",2021-06-25,"Deceased",26
"1633",2021-06-25,"Recovered",2680
"1634",2021-06-25,"Active",19
"1635",2021-06-27,"Deceased",26
"1636",2021-06-27,"Recovered",2683
"1637",2021-06-27,"Active",19
"1638",2021-06-28,"Deceased",26
"1639",2021-06-28,"Recovered",2684
"1640",2021-06-28,"Active",28
"1641",2021-06-29,"Deceased",26
"1642",2021-06-29,"Recovered",2685
"1643",2021-06-29,"Active",30
"1644",2021-06-30,"Deceased",26
"1645",2021-06-30,"Recovered",2685
"1646",2021-06-30,"Active",31
"1647",2021-06-30,"All groups",1102
"1648",2021-06-30,"Food",1093
"1649",2021-06-30,"Petrol",1018
"1650",2021-06-30,"Rent",1204
"1651",2021-07-01,"Deceased",26
"1652",2021-07-01,"Recovered",2686
"1653",2021-07-01,"Active",28
"1654",2021-07-02,"Deceased",26
"1655",2021-07-02,"Recovered",2689
"1656",2021-07-02,"Active",27
"1657",2021-07-04,"Deceased",26
"1658",2021-07-04,"Recovered",2693
"1659",2021-07-04,"Active",32
"1660",2021-07-05,"Deceased",26
"1661",2021-07-05,"Recovered",2693
"1662",2021-07-05,"Active",39
"1663",2021-07-06,"Deceased",26
"1664",2021-07-06,"Recovered",2696
"1665",2021-07-06,"Active",39
"1666",2021-07-07,"Deceased",26
"1667",2021-07-07,"Recovered",2697
"1668",2021-07-07,"Active",40
"1669",2021-07-08,"Deceased",26
"1670",2021-07-08,"Recovered",2697
"1671",2021-07-08,"Active",41
"1672",2021-07-09,"Deceased",26
"1673",2021-07-09,"Recovered",2707
"1674",2021-07-09,"Active",32
"1675",2021-07-11,"Deceased",26
"1676",2021-07-11,"Recovered",2707
"1677",2021-07-11,"Active",34
"1678",2021-07-12,"Deceased",26
"1679",2021-07-12,"Recovered",2709
"1680",2021-07-12,"Active",33
"1681",2021-07-13,"Deceased",26
"1682",2021-07-13,"Recovered",2717
"1683",2021-07-13,"Active",43
"1684",2021-07-14,"Deceased",26
"1685",2021-07-14,"Recovered",2722
"1686",2021-07-14,"Active",42
"1687",2021-07-15,"Deceased",26
"1688",2021-07-15,"Recovered",2723
"1689",2021-07-15,"Active",45
"1690",2021-07-16,"Deceased",26
"1691",2021-07-16,"Recovered",2729
"1692",2021-07-16,"Active",48
"1693",2021-07-18,"Deceased",26
"1694",2021-07-18,"Recovered",2743
"1695",2021-07-18,"Active",45
"1696",2021-07-19,"Deceased",26
"1697",2021-07-19,"Recovered",2744
"1698",2021-07-19,"Active",47
"1699",2021-07-20,"Deceased",26
"1700",2021-07-20,"Recovered",2745
"1701",2021-07-20,"Active",51
"1702",2021-07-21,"Deceased",26
"1703",2021-07-21,"Recovered",2746
"1704",2021-07-21,"Active",56
"1705",2021-07-22,"Deceased",26
"1706",2021-07-22,"Recovered",2747
"1707",2021-07-22,"Active",62
"1708",2021-07-23,"Deceased",26
"1709",2021-07-23,"Recovered",2749
"1710",2021-07-23,"Active",80
"1711",2021-07-25,"Deceased",26
"1712",2021-07-25,"Recovered",2778
"1713",2021-07-25,"Active",58
"1714",2021-07-26,"Deceased",26
"1715",2021-07-26,"Recovered",2783
"1716",2021-07-26,"Active",54
"1717",2021-07-27,"Deceased",26
"1718",2021-07-27,"Recovered",2785
"1719",2021-07-27,"Active",52
"1720",2021-07-28,"Deceased",26
"1721",2021-07-28,"Recovered",2795
"1722",2021-07-28,"Active",43
"1723",2021-07-29,"Deceased",26
"1724",2021-07-29,"Recovered",2795
"1725",2021-07-29,"Active",46
"1726",2021-07-30,"Deceased",26
"1727",2021-07-30,"Recovered",2799
"1728",2021-07-30,"Active",45
"1729",2021-08-01,"Deceased",26
"1730",2021-08-01,"Recovered",2811
"1731",2021-08-01,"Active",36
"1732",2021-08-02,"Deceased",26
"1733",2021-08-02,"Recovered",2814
"1734",2021-08-02,"Active",37
"1735",2021-08-03,"Deceased",26
"1736",2021-08-03,"Recovered",2821
"1737",2021-08-03,"Active",30
"1738",2021-08-04,"Deceased",26
"1739",2021-08-04,"Recovered",2824
"1740",2021-08-04,"Active",29
"1741",2021-08-05,"Deceased",26
"1742",2021-08-05,"Recovered",2824
"1743",2021-08-05,"Active",30
"1744",2021-08-06,"Deceased",26
"1745",2021-08-06,"Recovered",2829
"1746",2021-08-06,"Active",25
"1747",2021-08-08,"Deceased",26
"1748",2021-08-08,"Recovered",2828
"1749",2021-08-08,"Active",32
"1750",2021-08-09,"Deceased",26
"1751",2021-08-09,"Recovered",2838
"1752",2021-08-09,"Active",26
"1753",2021-08-10,"Deceased",26
"1754",2021-08-10,"Recovered",2839
"1755",2021-08-10,"Active",37
"1756",2021-08-11,"Deceased",26
"1757",2021-08-11,"Recovered",2841
"1758",2021-08-11,"Active",37
"1759",2021-08-12,"Deceased",26
"1760",2021-08-12,"Recovered",2844
"1761",2021-08-12,"Active",43
"1762",2021-08-13,"Deceased",26
"1763",2021-08-13,"Recovered",2844
"1764",2021-08-13,"Active",44
"1765",2021-08-15,"Deceased",26
"1766",2021-08-15,"Recovered",2854
"1767",2021-08-15,"Active",39
"1768",2021-08-16,"Deceased",26
"1769",2021-08-16,"Recovered",2856
"1770",2021-08-16,"Active",44
"1771",2021-08-17,"Deceased",26
"1772",2021-08-17,"Recovered",2857
"1773",2021-08-17,"Active",43
"1774",2021-08-18,"Deceased",26
"1775",2021-08-18,"Recovered",2871
"1776",2021-08-18,"Active",39
"1777",2021-08-20,"Deceased",26
"1778",2021-08-20,"Recovered",2873
"1779",2021-08-20,"Active",69
"1780",2021-08-22,"Deceased",26
"1781",2021-08-22,"Recovered",2874
"1782",2021-08-22,"Active",116
"1783",2021-08-23,"Deceased",26
"1784",2021-08-23,"Recovered",2874
"1785",2021-08-23,"Active",154
"1786",2021-08-24,"Deceased",26
"1787",2021-08-24,"Recovered",2887
"1788",2021-08-24,"Active",183
"1789",2021-08-25,"Deceased",26
"1790",2021-08-25,"Recovered",2887
"1791",2021-08-25,"Active",246
"1792",2021-08-26,"Deceased",26
"1793",2021-08-26,"Recovered",2887
"1794",2021-08-26,"Active",246
"1795",2021-08-27,"Deceased",26
"1796",2021-08-27,"Recovered",2887
"1797",2021-08-27,"Active",384
"1798",2021-08-29,"Deceased",26
"1799",2021-08-29,"Recovered",2887
"1800",2021-08-29,"Active",551
"1801",2021-08-30,"Deceased",26
"1802",2021-08-30,"Recovered",2890
"1803",2021-08-30,"Active",603
"1804",2021-08-31,"Deceased",26
"1805",2021-08-31,"Recovered",2892
"1806",2021-08-31,"Active",651
"1807",2021-09-01,"Deceased",26
"1808",2021-09-01,"Recovered",2895
"1809",2021-09-01,"Active",724
"1810",2021-09-02,"Deceased",26
"1811",2021-09-02,"Recovered",2901
"1812",2021-09-02,"Active",770
"1813",2021-09-03,"Deceased",26
"1814",2021-09-03,"Recovered",2948
"1815",2021-09-03,"Active",755
"1816",2021-09-05,"Deceased",27
"1817",2021-09-05,"Recovered",2998
"1818",2021-09-05,"Active",743
"1819",2021-09-06,"Deceased",27
"1820",2021-09-06,"Recovered",3036
"1821",2021-09-06,"Active",729
"1822",2021-09-07,"Deceased",27
"1823",2021-09-07,"Recovered",3066
"1824",2021-09-07,"Active",720
"1825",2021-09-08,"Deceased",27
"1826",2021-09-08,"Recovered",3144
"1827",2021-09-08,"Active",658
"1828",2021-09-09,"Deceased",27
"1829",2021-09-09,"Recovered",3195
"1830",2021-09-09,"Active",625
"1831",2021-09-10,"Deceased",27
"1832",2021-09-10,"Recovered",3222
"1833",2021-09-10,"Active",617
"1834",2021-09-12,"Deceased",27
"1835",2021-09-12,"Recovered",3287
"1836",2021-09-12,"Active",599
"1837",2021-09-13,"Deceased",27
"1838",2021-09-13,"Recovered",3308
"1839",2021-09-13,"Active",614
"1840",2021-09-14,"Deceased",27
"1841",2021-09-14,"Recovered",3335
"1842",2021-09-14,"Active",604
"1843",2021-09-15,"Deceased",27
"1844",2021-09-15,"Recovered",3398
"1845",2021-09-15,"Active",556
"1846",2021-09-16,"Deceased",27
"1847",2021-09-16,"Recovered",3407
"1848",2021-09-16,"Active",565
"1849",2021-09-17,"Deceased",27
"1850",2021-09-17,"Recovered",3498
"1851",2021-09-17,"Active",489
"1852",2021-09-19,"Deceased",27
"1853",2021-09-19,"Recovered",3639
"1854",2021-09-19,"Active",394
"1855",2021-09-20,"Deceased",27
"1856",2021-09-20,"Recovered",3645
"1857",2021-09-20,"Active",410
"1858",2021-09-21,"Deceased",27
"1859",2021-09-21,"Recovered",3743
"1860",2021-09-21,"Active",325
"1861",2021-09-22,"Deceased",27
"1862",2021-09-22,"Recovered",3791
"1863",2021-09-22,"Active",301
"1864",2021-09-23,"Deceased",27
"1865",2021-09-23,"Recovered",3819
"1866",2021-09-23,"Active",289
"1867",2021-09-24,"Deceased",27
"1868",2021-09-24,"Recovered",3861
"1869",2021-09-24,"Active",256
"1870",2021-09-26,"Deceased",27
"1871",2021-09-26,"Recovered",3931
"1872",2021-09-26,"Active",225
"1873",2021-09-27,"Deceased",27
"1874",2021-09-27,"Recovered",3945
"1875",2021-09-27,"Active",222
"1876",2021-09-28,"Deceased",27
"1877",2021-09-28,"Recovered",3961
"1878",2021-09-28,"Active",216
"1879",2021-09-29,"Deceased",27
"1880",2021-09-29,"Recovered",3965
"1881",2021-09-29,"Active",256
"1882",2021-09-30,"Deceased",27
"1883",2021-09-30,"Recovered",3974
"1884",2021-09-30,"Active",272
"1885",2021-10-01,"Deceased",27
"1886",2021-10-01,"Recovered",3989
"1887",2021-10-01,"Active",275
"1888",2021-10-03,"Deceased",27
"1889",2021-10-03,"Recovered",4062
"1890",2021-10-03,"Active",263
"1891",2021-10-04,"Deceased",27
"1892",2021-10-04,"Recovered",4068
"1893",2021-10-04,"Active",287
"1894",2021-10-05,"Deceased",27
"1895",2021-10-05,"Recovered",4073
"1896",2021-10-05,"Active",308
"1897",2021-10-06,"Deceased",27
"1898",2021-10-06,"Recovered",4073
"1899",2021-10-06,"Active",350
"1900",2021-10-07,"Deceased",27
"1901",2021-10-07,"Recovered",4077
"1902",2021-10-07,"Active",376
